{
    "S2A_MSIL2A_20210101T093411_N0500_R136_T35VME_20230403T204141": 100.0,
    "S2A_MSIL2A_20210101T093411_N0500_R136_T35VLD_20230403T204141": 100.0,
    "S2A_MSIL2A_20210101T093411_N0500_R136_T35VMD_20230403T204141": 99.998349,
    "S2A_MSIL2A_20210101T093411_N0500_R136_T35VLC_20230403T204141": 99.996972,
    "S2A_MSIL2A_20210101T093411_N0500_R136_T35VND_20230403T204141": 99.99972,
    "S2A_MSIL2A_20210101T093411_N0500_R136_T35VPE_20230403T204141": 99.999166,
    "S2A_MSIL2A_20210101T093411_N0500_R136_T35VMF_20230403T204141": 100.0,
    "S2A_MSIL2A_20210101T093411_N0500_R136_T35VNE_20230403T204141": 99.999732,
    "S2A_MSIL2A_20210101T093411_N0500_R136_T35VLE_20230403T204141": 100.0,
    "S2A_MSIL2A_20210101T111451_N0500_R137_T31VEE_20230406T122424": 36.907169,
    "S2A_MSIL2A_20210101T111451_N0500_R137_T31VED_20230406T122424": 37.314984,
    "S2A_MSIL2A_20210101T111451_N0500_R137_T31VCE_20230406T122424": 29.348278,
    "S2A_MSIL2A_20210101T111451_N0500_R137_T31UCB_20230406T122424": 79.054677,
    "S2A_MSIL2A_20210101T111451_N0500_R137_T32VKK_20230406T122424": 46.338287,
    "S2A_MSIL2A_20210101T111451_N0500_R137_T31VDF_20230406T122424": 36.798376,
    "S2A_MSIL2A_20210101T111451_N0500_R137_T31VDC_20230406T122424": 84.324259,
    "S2A_MSIL2A_20210101T111451_N0500_R137_T30VXH_20230406T122424": 75.220513,
    "S2A_MSIL2A_20210101T111451_N0500_R137_T31VCD_20230406T122424": 43.489406,
    "S2A_MSIL2A_20210101T111451_N0500_R137_T31VDE_20230406T122424": 26.864952,
    "S2A_MSIL2A_20210101T111451_N0500_R137_T31UEB_20230406T122424": 76.70446,
    "S2A_MSIL2A_20210101T111451_N0500_R137_T32VKJ_20230406T122424": 62.260175,
    "S2A_MSIL2A_20210101T111451_N0500_R137_T30VXL_20230406T122424": 26.660895,
    "S2A_MSIL2A_20210101T111451_N0500_R137_T31VCC_20230406T122424": 83.173054,
    "S2A_MSIL2A_20210101T111451_N0500_R137_T31UDB_20230406T122424": 65.764725,
    "S2A_MSIL2A_20210101T111451_N0500_R137_T31UEA_20230406T122424": 68.003029,
    "S2A_MSIL2A_20210101T111451_N0500_R137_T30VXJ_20230406T122424": 44.247568,
    "S2A_MSIL2A_20210101T111451_N0500_R137_T31VEC_20230406T122424": 68.126583,
    "S2A_MSIL2A_20210101T111451_N0500_R137_T31VDD_20230406T122424": 39.480147,
    "S2A_MSIL2A_20210101T111451_N0500_R137_T31VCF_20230406T122424": 22.3252,
    "S2A_MSIL2A_20210101T111451_N0500_R137_T31UDA_20230406T122424": 26.963732,
    "S2A_MSIL2A_20210101T111451_N0500_R137_T30VXK_20230406T122424": 25.701144,
    "S2A_MSIL2A_20210101T111451_N0500_R137_T30UXG_20230406T122424": 82.585424,
    "S2A_MSIL1C_20210101T093411_N0500_R136_T35VPE_20230403T093134": 99.99966394619912,
    "S2A_MSIL1C_20210101T093411_N0500_R136_T35VLE_20230403T093134": 99.9994754139639,
    "S2A_MSIL1C_20210101T093411_N0500_R136_T35VNE_20230403T093134": 99.99696946623591,
    "S2A_MSIL1C_20210101T093411_N0500_R136_T35VLD_20230403T093134": 99.99955265410321,
    "S2A_MSIL1C_20210101T093411_N0500_R136_T35VLC_20230403T093134": 99.615802333297,
    "S2A_MSIL1C_20210101T093411_N0500_R136_T35VND_20230403T093134": 100.0,
    "S2A_MSIL1C_20210101T093411_N0500_R136_T35VMD_20230403T093134": 99.987040520768,
    "S2A_MSIL1C_20210101T093411_N0500_R136_T35VMF_20230403T093134": 99.8407001409512,
    "S2A_MSIL1C_20210101T093411_N0500_R136_T35VME_20230403T093134": 99.9526022901825,
    "S2A_MSIL1C_20210101T111451_N0500_R137_T31UDA_20230406T025427": 7.44831340163684,
    "S2A_MSIL1C_20210101T111451_N0500_R137_T31UCB_20230406T025427": 55.1943324673774,
    "S2A_MSIL1C_20210101T111451_N0500_R137_T31VCF_20230406T025427": 11.2820315414818,
    "S2A_MSIL1C_20210101T111451_N0500_R137_T31UEB_20230406T025427": 31.668485027403804,
    "S2A_MSIL1C_20210101T111451_N0500_R137_T31UDB_20230406T025427": 48.9550598704052,
    "S2A_MSIL1C_20210101T111451_N0500_R137_T31UEA_20230406T025427": 27.9765376582814,
    "S2A_MSIL1C_20210101T111451_N0500_R137_T30VXH_20230406T025427": 51.680587429318,
    "S2A_MSIL1C_20210101T111451_N0500_R137_T31VEC_20230406T025427": 39.6627564986141,
    "S2A_MSIL1C_20210101T111451_N0500_R137_T31VED_20230406T025427": 9.81726718972234,
    "S2A_MSIL1C_20210101T111451_N0500_R137_T30VXK_20230406T025427": 12.9058620183755,
    "S2A_MSIL1C_20210101T111451_N0500_R137_T31VDF_20230406T025427": 15.676097512635002,
    "S2A_MSIL1C_20210101T111451_N0500_R137_T31VDD_20230406T025427": 26.165457314342,
    "S2A_MSIL1C_20210101T111451_N0500_R137_T31VCD_20230406T025427": 24.0066704475611,
    "S2A_MSIL1C_20210101T111451_N0500_R137_T32VKK_20230406T025427": 21.7921641502408,
    "S2A_MSIL1C_20210101T111451_N0500_R137_T31VCE_20230406T025427": 15.3728223831168,
    "S2A_MSIL1C_20210101T111451_N0500_R137_T31VDE_20230406T025427": 13.9345176130371,
    "S2A_MSIL1C_20210101T111451_N0500_R137_T30VXJ_20230406T025427": 22.3356135081888,
    "S2A_MSIL1C_20210101T111451_N0500_R137_T31VCC_20230406T025427": 75.0741138881424,
    "S2A_MSIL1C_20210101T111451_N0500_R137_T31VDC_20230406T025427": 81.1563498462182,
    "S2A_MSIL1C_20210101T111451_N0500_R137_T30VXL_20230406T025427": 17.4224134146877,
    "S2A_MSIL1C_20210101T111451_N0500_R137_T32VKJ_20230406T025427": 19.8050777894739,
    "S2A_MSIL1C_20210101T111451_N0500_R137_T30UXG_20230406T025427": 65.7362422528853,
    "S2A_MSIL1C_20210101T111451_N0500_R137_T31VEE_20230406T025427": 11.869721433547,
    "S2A_MSIL2A_20210102T104441_N0500_R008_T33VUD_20230403T191215": 81.495976,
    "S2A_MSIL2A_20210102T104441_N0500_R008_T32UMD_20230403T191215": 98.117661,
    "S2A_MSIL2A_20210102T104441_N0500_R008_T32VNK_20230403T191215": 78.48424900000002,
    "S2A_MSIL2A_20210102T104441_N0500_R008_T32VML_20230403T191215": 60.969436,
    "S2A_MSIL2A_20210102T104441_N0500_R008_T32VLH_20230403T191215": 66.127741,
    "S2A_MSIL2A_20210102T104441_N0500_R008_T32VPJ_20230403T191215": 79.773915,
    "S2A_MSIL2A_20210102T104441_N0500_R008_T32ULF_20230403T191215": 62.493211,
    "S2A_MSIL2A_20210102T104441_N0500_R008_T32UNG_20230403T191215": 79.943466,
    "S2A_MSIL2A_20210102T104441_N0500_R008_T32UND_20230403T191215": 96.348798,
    "S2A_MSIL2A_20210102T104441_N0500_R008_T32VMK_20230403T191215": 78.125554,
    "S2A_MSIL2A_20210102T104441_N0500_R008_T32UPF_20230403T191215": 14.620757,
    "S2A_MSIL2A_20210102T104441_N0500_R008_T31UGV_20230403T191215": 61.935347,
    "S2A_MSIL2A_20210102T104441_N0500_R008_T32VPH_20230403T191215": 87.854528,
    "S2A_MSIL2A_20210102T104441_N0500_R008_T32UPG_20230403T191215": 57.582104,
    "S2A_MSIL2A_20210102T104441_N0500_R008_T33VUC_20230403T191215": 99.975401,
    "S2A_MSIL2A_20210102T104441_N0500_R008_T32VMH_20230403T191215": 77.76255,
    "S2A_MSIL2A_20210102T104441_N0500_R008_T32UMF_20230403T191215": 85.682869,
    "S2A_MSIL2A_20210102T104441_N0500_R008_T31UFV_20230403T191215": 35.989422,
    "S2A_MSIL2A_20210102T104441_N0500_R008_T32VLJ_20230403T191215": 50.989294,
    "S2A_MSIL2A_20210102T104441_N0500_R008_T32UME_20230403T191215": 97.973889,
    "S2A_MSIL2A_20210102T104441_N0500_R008_T32ULE_20230403T191215": 61.274171,
    "S2A_MSIL2A_20210102T104441_N0500_R008_T32VNH_20230403T191215": 75.146729,
    "S2A_MSIL2A_20210102T104441_N0500_R008_T32VNL_20230403T191215": 49.013349,
    "S2A_MSIL2A_20210102T104441_N0500_R008_T32VPK_20230403T191215": 87.754208,
    "S2A_MSIL2A_20210102T104441_N0500_R008_T32UMG_20230403T191215": 84.80702,
    "S2A_MSIL2A_20210102T104441_N0500_R008_T31UFB_20230403T191215": 60.155529,
    "S2A_MSIL2A_20210102T104441_N0500_R008_T32UNE_20230403T191215": 99.916267,
    "S2A_MSIL2A_20210102T104441_N0500_R008_T32UNF_20230403T191215": 81.139982,
    "S2A_MSIL2A_20210102T104441_N0500_R008_T32VNJ_20230403T191215": 78.932095,
    "S2A_MSIL2A_20210102T104441_N0500_R008_T33VUE_20230403T191215": 98.020923,
    "S2A_MSIL2A_20210102T104441_N0500_R008_T31UFA_20230403T191215": 49.504270999999996,
    "S2A_MSIL2A_20210102T104441_N0500_R008_T32VMJ_20230403T191215": 80.554628,
    "S2A_MSIL2A_20210102T104441_N0500_R008_T32ULG_20230403T191215": 52.912664,
    "S2A_MSIL1C_20210102T104441_N0500_R008_T33VUE_20230403T094250": 61.5932853225023,